,Unnamed: 0,work_year,experience_level,employment_type,job_title,salary,salary_currency,salary_in_usd,employee_residence,remote_ratio,company_location,company_size
0,0,2020,Mid-time,Full-time,Data Scientist,70000,EUR,79833,DE,0,DEU,L
1,1,2020,Senior,Full-time,Machine Learning Scientist,260000,USD,260000,JP,0,JPN,S
2,2,2020,Senior,Full-time,Big Data Engineer,85000,GBP,109024,GB,50,GBR,M
3,3,2020,Mid-time,Full-time,Product Data Analyst,20000,USD,20000,HN,0,HND,S
4,4,2020,Senior,Full-time,Machine Learning Engineer,150000,USD,150000,US,50,USA,L
5,5,2020,Entry,Full-time,Data Analyst,72000,USD,72000,US,100,USA,L
6,6,2020,Senior,Full-time,Lead Data Scientist,190000,USD,190000,US,100,USA,S
7,7,2020,Mid-time,Full-time,Data Scientist,11000000,HUF,35735,HU,50,HUN,L
8,8,2020,Mid-time,Full-time,Business Data Analyst,135000,USD,135000,US,100,USA,L
9,9,2020,Senior,Full-time,Lead Data Engineer,125000,USD,125000,NZ,50,NZL,S
10,10,2020,Entry,Full-time,Data Scientist,45000,EUR,51321,FR,0,FRA,S
11,11,2020,Mid-time,Full-time,Data Scientist,3000000,INR,40481,IN,0,IND,L
12,12,2020,Entry,Full-time,Data Scientist,35000,EUR,39916,FR,0,FRA,M
13,13,2020,Mid-time,Full-time,Lead Data Analyst,87000,USD,87000,US,100,USA,L
14,14,2020,Mid-time,Full-time,Data Analyst,85000,USD,85000,US,100,USA,L
15,15,2020,Mid-time,Full-time,Data Analyst,8000,USD,8000,PK,50,PAK,L
16,16,2020,Entry,Full-time,Data Engineer,4450000,JPY,41689,JP,100,JPN,S
17,17,2020,Senior,Full-time,Big Data Engineer,100000,EUR,114047,PL,100,GBR,S
18,18,2020,Entry,Full-time,Data Science Consultant,423000,INR,5707,IN,50,IND,M
19,19,2020,Mid-time,Full-time,Lead Data Engineer,56000,USD,56000,PT,100,USA,M
20,20,2020,Mid-time,Full-time,Machine Learning Engineer,299000,CNY,43331,CN,0,CHN,M
21,21,2020,Mid-time,Full-time,Product Data Analyst,450000,INR,6072,IN,100,IND,L
22,22,2020,Senior,Full-time,Data Engineer,42000,EUR,47899,GR,50,GRC,L
23,23,2020,Mid-time,Full-time,BI Data Analyst,98000,USD,98000,US,0,USA,M
24,24,2020,Mid-time,Full-time,Lead Data Scientist,115000,USD,115000,AE,0,ARE,L
25,25,2020,Executive,Full-time,Director of Data Science,325000,USD,325000,US,100,USA,L
26,26,2020,Entry,Full-time,Research Scientist,42000,USD,42000,NL,50,NLD,L
27,27,2020,Senior,Full-time,Data Engineer,720000,MXN,33511,MX,0,MEX,S
28,28,2020,Entry,Contract,Business Data Analyst,100000,USD,100000,US,100,USA,L
29,29,2020,Senior,Full-time,Machine Learning Manager,157000,CAD,117104,CA,50,CAN,L
30,30,2020,Mid-time,Full-time,Data Engineering Manager,51999,EUR,59303,DE,100,DEU,S
31,31,2020,Entry,Full-time,Big Data Engineer,70000,USD,70000,US,100,USA,L
32,32,2020,Senior,Full-time,Data Scientist,60000,EUR,68428,GR,100,USA,L
33,33,2020,Mid-time,Full-time,Research Scientist,450000,USD,450000,US,0,USA,M
34,34,2020,Mid-time,Full-time,Data Analyst,41000,EUR,46759,FR,50,FRA,L
35,35,2020,Mid-time,Full-time,Data Engineer,65000,EUR,74130,AT,50,AUT,L
36,36,2020,Mid-time,Full-time,Data Science Consultant,103000,USD,103000,US,100,USA,L
37,37,2020,Entry,Full-time,Machine Learning Engineer,250000,USD,250000,US,50,USA,L
38,38,2020,Entry,Full-time,Data Analyst,10000,USD,10000,NG,100,NGA,S
39,39,2020,Entry,Full-time,Machine Learning Engineer,138000,USD,138000,US,100,USA,S
40,40,2020,Mid-time,Full-time,Data Scientist,45760,USD,45760,PH,100,USA,S
41,41,2020,Executive,Full-time,Data Engineering Manager,70000,EUR,79833,ES,50,ESP,L
42,42,2020,Mid-time,Full-time,Machine Learning Infrastructure Engineer,44000,EUR,50180,PT,0,PRT,M
43,43,2020,Mid-time,Full-time,Data Engineer,106000,USD,106000,US,100,USA,L
44,44,2020,Mid-time,Full-time,Data Engineer,88000,GBP,112872,GB,50,GBR,L
45,45,2020,Entry,Part-time,ML Engineer,14000,EUR,15966,DE,100,DEU,S
46,46,2020,Mid-time,Full-time,Data Scientist,60000,GBP,76958,GB,100,GBR,S
47,47,2020,Senior,Full-time,Data Engineer,188000,USD,188000,US,100,USA,L
48,48,2020,Mid-time,Full-time,Data Scientist,105000,USD,105000,US,100,USA,L
49,49,2020,Mid-time,Full-time,Data Engineer,61500,EUR,70139,FR,50,FRA,L
50,50,2020,Entry,Full-time,Data Analyst,450000,INR,6072,IN,0,IND,S
51,51,2020,Entry,Full-time,Data Analyst,91000,USD,91000,US,100,USA,L
52,52,2020,Entry,Full-time,AI Scientist,300000,DKK,45896,DK,50,DNK,S
53,53,2020,Entry,Full-time,Data Engineer,48000,EUR,54742,PK,100,DEU,L
54,54,2020,Senior,Freelance,Computer Vision Engineer,60000,USD,60000,RU,100,USA,S
55,55,2020,Senior,Full-time,Principal Data Scientist,130000,EUR,148261,DE,100,DEU,M
56,56,2020,Mid-time,Full-time,Data Scientist,34000,EUR,38776,ES,100,ESP,M
57,57,2020,Mid-time,Full-time,Data Scientist,118000,USD,118000,US,100,USA,M
58,58,2020,Senior,Full-time,Data Scientist,120000,USD,120000,US,50,USA,L
59,59,2020,Mid-time,Full-time,Data Scientist,138350,USD,138350,US,100,USA,M
60,60,2020,Mid-time,Full-time,Data Engineer,110000,USD,110000,US,100,USA,L
61,61,2020,Mid-time,Full-time,Data Engineer,130800,USD,130800,ES,100,USA,M
62,62,2020,Entry,Part-time,Data Scientist,19000,EUR,21669,IT,50,ITA,S
63,63,2020,Senior,Full-time,Data Scientist,412000,USD,412000,US,100,USA,L
64,64,2020,Senior,Full-time,Machine Learning Engineer,40000,EUR,45618,HR,100,HRV,S
65,65,2020,Entry,Full-time,Data Scientist,55000,EUR,62726,DE,50,DEU,S
66,66,2020,Entry,Full-time,Data Scientist,43200,EUR,49268,DE,0,DEU,S
67,67,2020,Senior,Full-time,Data Science Manager,190200,USD,190200,US,100,USA,M
68,68,2020,Entry,Full-time,Data Scientist,105000,USD,105000,US,100,USA,S
69,69,2020,Senior,Full-time,Data Scientist,80000,EUR,91237,AT,0,AUT,S
70,70,2020,Mid-time,Full-time,Data Scientist,55000,EUR,62726,FR,50,LUX,S
71,71,2020,Mid-time,Full-time,Data Scientist,37000,EUR,42197,FR,50,FRA,S
72,72,2021,Entry,Full-time,Research Scientist,60000,GBP,82528,GB,50,GBR,L
73,73,2021,Executive,Full-time,BI Data Analyst,150000,USD,150000,IN,100,USA,L
74,74,2021,Executive,Full-time,Head of Data,235000,USD,235000,US,100,USA,L
75,75,2021,Senior,Full-time,Data Scientist,45000,EUR,53192,FR,50,FRA,L
76,76,2021,Mid-time,Full-time,BI Data Analyst,100000,USD,100000,US,100,USA,M
77,77,2021,Mid-time,Part-time,3D Computer Vision Researcher,400000,INR,5409,IN,50,IND,M
78,78,2021,Mid-time,Contract,ML Engineer,270000,USD,270000,US,100,USA,L
79,79,2021,Entry,Full-time,Data Analyst,80000,USD,80000,US,100,USA,M
80,80,2021,Senior,Full-time,Data Analytics Engineer,67000,EUR,79197,DE,100,DEU,L
81,81,2021,Mid-time,Full-time,Data Engineer,140000,USD,140000,US,100,USA,L
82,82,2021,Mid-time,Full-time,Applied Data Scientist,68000,CAD,54238,GB,50,CAN,L
83,83,2021,Mid-time,Full-time,Machine Learning Engineer,40000,EUR,47282,ES,100,ESP,S
84,84,2021,Executive,Full-time,Director of Data Science,130000,EUR,153667,IT,100,POL,L
85,85,2021,Mid-time,Full-time,Data Engineer,110000,PLN,28476,PL,100,POL,L
86,86,2021,Entry,Full-time,Data Analyst,50000,EUR,59102,FR,50,FRA,M
87,87,2021,Mid-time,Full-time,Data Analytics Engineer,110000,USD,110000,US,100,USA,L
88,88,2021,Senior,Full-time,Lead Data Analyst,170000,USD,170000,US,100,USA,L
89,89,2021,Senior,Full-time,Data Analyst,80000,USD,80000,BG,100,USA,S
90,90,2021,Senior,Full-time,Marketing Data Analyst,75000,EUR,88654,GR,100,DNK,L
91,91,2021,Entry,Full-time,Data Science Consultant,65000,EUR,76833,DE,100,DEU,S
92,92,2021,Mid-time,Full-time,Lead Data Analyst,1450000,INR,19609,IN,100,IND,L
93,93,2021,Senior,Full-time,Lead Data Engineer,276000,USD,276000,US,0,USA,L
94,94,2021,Entry,Full-time,Data Scientist,2200000,INR,29751,IN,50,IND,L
95,95,2021,Mid-time,Full-time,Cloud Data Engineer,120000,SGD,89294,SG,50,SGP,L
96,96,2021,Entry,Part-time,AI Scientist,12000,USD,12000,BR,100,USA,S
97,97,2021,Mid-time,Full-time,Financial Data Analyst,450000,USD,450000,US,100,USA,L
98,98,2021,Entry,Full-time,Computer Vision Software Engineer,70000,USD,70000,US,100,USA,M
99,99,2021,Mid-time,Full-time,Computer Vision Software Engineer,81000,EUR,95746,DE,100,USA,S
100,100,2021,Mid-time,Full-time,Data Analyst,75000,USD,75000,US,0,USA,L
101,101,2021,Senior,Full-time,Data Engineer,150000,USD,150000,US,100,USA,L
102,102,2021,Mid-time,Full-time,BI Data Analyst,11000000,HUF,36259,HU,50,USA,L
103,103,2021,Mid-time,Full-time,Data Analyst,62000,USD,62000,US,0,USA,L
104,104,2021,Mid-time,Full-time,Data Scientist,73000,USD,73000,US,0,USA,L
105,105,2021,Mid-time,Full-time,Data Analyst,37456,GBP,51519,GB,50,GBR,L
106,106,2021,Mid-time,Full-time,Research Scientist,235000,CAD,187442,CA,100,CAN,L
107,107,2021,Senior,Full-time,Data Engineer,115000,USD,115000,US,100,USA,S
108,108,2021,Senior,Full-time,Data Engineer,150000,USD,150000,US,100,USA,M
109,109,2021,Entry,Full-time,Data Engineer,2250000,INR,30428,IN,100,IND,L
110,110,2021,Senior,Full-time,Machine Learning Engineer,80000,EUR,94564,DE,50,DEU,L
111,111,2021,Senior,Full-time,Director of Data Engineering,82500,GBP,113476,GB,100,GBR,M
112,112,2021,Senior,Full-time,Lead Data Engineer,75000,GBP,103160,GB,100,GBR,S
113,113,2021,Entry,Part-time,AI Scientist,12000,USD,12000,PK,100,USA,M
114,114,2021,Mid-time,Full-time,Data Engineer,38400,EUR,45391,NL,100,NLD,L
115,115,2021,Entry,Full-time,Machine Learning Scientist,225000,USD,225000,US,100,USA,L
116,116,2021,Mid-time,Full-time,Data Scientist,50000,USD,50000,NG,100,NGA,L
117,117,2021,Mid-time,Full-time,Data Science Engineer,34000,EUR,40189,GR,100,GRC,M
118,118,2021,Entry,Full-time,Data Analyst,90000,USD,90000,US,100,USA,S
119,119,2021,Mid-time,Full-time,Data Engineer,200000,USD,200000,US,100,USA,L
120,120,2021,Mid-time,Full-time,Big Data Engineer,60000,USD,60000,ES,50,ROU,M
121,121,2021,Senior,Full-time,Principal Data Engineer,200000,USD,200000,US,100,USA,M
122,122,2021,Entry,Full-time,Data Analyst,50000,USD,50000,US,100,USA,M
123,123,2021,Entry,Full-time,Applied Data Scientist,80000,GBP,110037,GB,0,GBR,L
124,124,2021,Entry,Part-time,Data Analyst,8760,EUR,10354,ES,50,ESP,M
125,125,2021,Mid-time,Full-time,Principal Data Scientist,151000,USD,151000,US,100,USA,L
126,126,2021,Senior,Full-time,Machine Learning Scientist,120000,USD,120000,US,50,USA,S
127,127,2021,Mid-time,Full-time,Data Scientist,700000,INR,9466,IN,0,IND,S
128,128,2021,Entry,Full-time,Machine Learning Engineer,20000,USD,20000,IN,100,IND,S
129,129,2021,Senior,Full-time,Lead Data Scientist,3000000,INR,40570,IN,50,IND,L
130,130,2021,Entry,Full-time,Machine Learning Developer,100000,USD,100000,IQ,50,IRQ,S
131,131,2021,Entry,Full-time,Data Scientist,42000,EUR,49646,FR,50,FRA,M
132,132,2021,Mid-time,Full-time,Applied Machine Learning Scientist,38400,USD,38400,VN,100,USA,M
133,133,2021,Senior,Full-time,Computer Vision Engineer,24000,USD,24000,BR,100,BRA,M
134,134,2021,Entry,Full-time,Data Scientist,100000,USD,100000,US,0,USA,S
135,135,2021,Mid-time,Full-time,Data Analyst,90000,USD,90000,US,100,USA,M
136,136,2021,Mid-time,Full-time,ML Engineer,7000000,JPY,63711,JP,50,JPN,S
137,137,2021,Mid-time,Full-time,ML Engineer,8500000,JPY,77364,JP,50,JPN,S
138,138,2021,Senior,Full-time,Principal Data Scientist,220000,USD,220000,US,0,USA,L
139,139,2021,Entry,Full-time,Data Scientist,80000,USD,80000,US,100,USA,M
140,140,2021,Mid-time,Full-time,Data Analyst,135000,USD,135000,US,100,USA,L
141,141,2021,Senior,Full-time,Data Science Manager,240000,USD,240000,US,0,USA,L
142,142,2021,Senior,Full-time,Data Engineering Manager,150000,USD,150000,US,0,USA,L
143,143,2021,Mid-time,Full-time,Data Scientist,82500,USD,82500,US,100,USA,S
144,144,2021,Mid-time,Full-time,Data Engineer,100000,USD,100000,US,100,USA,L
145,145,2021,Senior,Full-time,Machine Learning Engineer,70000,EUR,82744,BE,50,BEL,M
146,146,2021,Mid-time,Full-time,Research Scientist,53000,EUR,62649,FR,50,FRA,M
147,147,2021,Mid-time,Full-time,Data Engineer,90000,USD,90000,US,100,USA,L
148,148,2021,Senior,Full-time,Data Engineering Manager,153000,USD,153000,US,100,USA,L
149,149,2021,Senior,Full-time,Cloud Data Engineer,160000,USD,160000,BR,100,USA,S
150,150,2021,Senior,Full-time,Director of Data Science,168000,USD,168000,JP,0,JPN,S
151,151,2021,Mid-time,Full-time,Data Scientist,150000,USD,150000,US,100,USA,M
152,152,2021,Mid-time,Full-time,Data Scientist,95000,CAD,75774,CA,100,CAN,L
153,153,2021,Entry,Full-time,Data Scientist,13400,USD,13400,UA,100,UKR,L
154,154,2021,Senior,Full-time,Data Science Manager,144000,USD,144000,US,100,USA,L
155,155,2021,Senior,Full-time,Data Science Engineer,159500,CAD,127221,CA,50,CAN,L
156,156,2021,Mid-time,Full-time,Data Scientist,160000,SGD,119059,SG,100,ISR,M
157,157,2021,Mid-time,Full-time,Applied Machine Learning Scientist,423000,USD,423000,US,50,USA,L
158,158,2021,Senior,Full-time,Data Analytics Manager,120000,USD,120000,US,100,USA,M
159,159,2021,Entry,Full-time,Machine Learning Engineer,125000,USD,125000,US,100,USA,S
160,160,2021,Executive,Full-time,Head of Data,230000,USD,230000,RU,50,RUS,L
161,161,2021,Executive,Full-time,Head of Data Science,85000,USD,85000,RU,0,RUS,M
162,162,2021,Mid-time,Full-time,Data Engineer,24000,EUR,28369,MT,50,MLT,L
163,163,2021,Entry,Full-time,Data Science Consultant,54000,EUR,63831,DE,50,DEU,L
164,164,2021,Executive,Full-time,Director of Data Science,110000,EUR,130026,DE,50,DEU,M
165,165,2021,Senior,Full-time,Data Specialist,165000,USD,165000,US,100,USA,L
166,166,2021,Entry,Full-time,Data Engineer,80000,USD,80000,US,100,USA,L
167,167,2021,Executive,Full-time,Director of Data Science,250000,USD,250000,US,0,USA,L
168,168,2021,Entry,Full-time,BI Data Analyst,55000,USD,55000,US,50,USA,S
169,169,2021,Mid-time,Full-time,Data Architect,150000,USD,150000,US,100,USA,L
170,170,2021,Mid-time,Full-time,Data Architect,170000,USD,170000,US,100,USA,L
171,171,2021,Mid-time,Full-time,Data Engineer,60000,GBP,82528,GB,100,GBR,L
172,172,2021,Entry,Full-time,Data Analyst,60000,USD,60000,US,100,USA,S
173,173,2021,Senior,Full-time,Principal Data Scientist,235000,USD,235000,US,100,USA,L
174,174,2021,Senior,Full-time,Research Scientist,51400,EUR,60757,PT,50,PRT,L
175,175,2021,Senior,Full-time,Data Engineering Manager,174000,USD,174000,US,100,USA,L
176,176,2021,Mid-time,Full-time,Data Scientist,58000,MXN,2859,MX,0,MEX,S
177,177,2021,Mid-time,Full-time,Data Scientist,30400000,CLP,40038,CL,100,CHL,L
178,178,2021,Entry,Full-time,Machine Learning Engineer,81000,USD,81000,US,50,USA,S
179,179,2021,Mid-time,Full-time,Data Scientist,420000,INR,5679,IN,100,USA,S
180,180,2021,Mid-time,Full-time,Big Data Engineer,1672000,INR,22611,IN,0,IND,L
181,181,2021,Mid-time,Full-time,Data Scientist,76760,EUR,90734,DE,50,DEU,L
182,182,2021,Mid-time,Full-time,Data Engineer,22000,EUR,26005,RO,0,USA,L
183,183,2021,Senior,Full-time,Finance Data Analyst,45000,GBP,61896,GB,50,GBR,L
184,184,2021,Mid-time,Freelance,Machine Learning Scientist,12000,USD,12000,PK,50,PAK,M
185,185,2021,Mid-time,Full-time,Data Engineer,4000,USD,4000,IR,100,IRN,M
186,186,2021,Senior,Full-time,Data Analytics Engineer,50000,USD,50000,VN,100,GBR,M
187,187,2021,Executive,Full-time,Data Science Consultant,59000,EUR,69741,FR,100,ESP,S
188,188,2021,Senior,Full-time,Data Engineer,65000,EUR,76833,RO,50,GBR,S
189,189,2021,Mid-time,Full-time,Machine Learning Engineer,74000,USD,74000,JP,50,JPN,S
190,190,2021,Senior,Full-time,Data Science Manager,152000,USD,152000,US,100,FRA,L
191,191,2021,Entry,Full-time,Machine Learning Engineer,21844,USD,21844,CO,50,COL,M
192,192,2021,Mid-time,Full-time,Big Data Engineer,18000,USD,18000,MD,0,MDA,S
193,193,2021,Senior,Full-time,Data Science Manager,174000,USD,174000,US,100,USA,L
194,194,2021,Senior,Full-time,Research Scientist,120500,CAD,96113,CA,50,CAN,L
195,195,2021,Mid-time,Full-time,Data Scientist,147000,USD,147000,US,50,USA,L
196,196,2021,Entry,Full-time,BI Data Analyst,9272,USD,9272,KE,100,KEN,S
197,197,2021,Senior,Full-time,Machine Learning Engineer,1799997,INR,24342,IN,100,IND,L
198,198,2021,Senior,Full-time,Data Science Manager,4000000,INR,54094,IN,50,USA,L
199,199,2021,Entry,Full-time,Data Science Consultant,90000,USD,90000,US,100,USA,S
200,200,2021,Mid-time,Full-time,Data Scientist,52000,EUR,61467,DE,50,AUT,M
201,201,2021,Senior,Full-time,Machine Learning Infrastructure Engineer,195000,USD,195000,US,100,USA,M
202,202,2021,Mid-time,Full-time,Data Scientist,32000,EUR,37825,ES,100,ESP,L
203,203,2021,Senior,Full-time,Research Scientist,50000,USD,50000,FR,100,USA,S
204,204,2021,Mid-time,Full-time,Data Scientist,160000,USD,160000,US,100,USA,L
205,205,2021,Mid-time,Full-time,Data Scientist,69600,BRL,12901,BR,0,BRA,S
206,206,2021,Senior,Full-time,Machine Learning Engineer,200000,USD,200000,US,100,USA,L
207,207,2021,Senior,Full-time,Data Engineer,165000,USD,165000,US,0,USA,M
208,208,2021,Mid-time,Freelance,Data Engineer,20000,USD,20000,IT,0,USA,L
209,209,2021,Senior,Full-time,Data Analytics Manager,120000,USD,120000,US,0,USA,L
210,210,2021,Mid-time,Full-time,Machine Learning Engineer,21000,EUR,24823,SI,50,SVN,L
211,211,2021,Mid-time,Full-time,Research Scientist,48000,EUR,56738,FR,50,FRA,S
212,212,2021,Mid-time,Full-time,Data Engineer,48000,GBP,66022,HK,50,GBR,S
213,213,2021,Entry,Full-time,Big Data Engineer,435000,INR,5882,IN,0,CHE,L
214,214,2021,Entry,Full-time,Machine Learning Engineer,21000,EUR,24823,DE,50,DEU,M
215,215,2021,Senior,Full-time,Principal Data Engineer,185000,USD,185000,US,100,USA,L
216,216,2021,Entry,Part-time,Computer Vision Engineer,180000,DKK,28609,DK,50,DNK,S
217,217,2021,Mid-time,Full-time,Data Scientist,76760,EUR,90734,DE,50,DEU,L
218,218,2021,Mid-time,Full-time,Machine Learning Engineer,75000,EUR,88654,BE,100,BEL,M
219,219,2021,Senior,Full-time,Data Analytics Manager,140000,USD,140000,US,100,USA,L
220,220,2021,Mid-time,Full-time,Machine Learning Engineer,180000,PLN,46597,PL,100,POL,L
221,221,2021,Mid-time,Full-time,Data Scientist,85000,GBP,116914,GB,50,GBR,L
222,222,2021,Mid-time,Full-time,Data Scientist,2500000,INR,33808,IN,0,IND,M
223,223,2021,Mid-time,Full-time,Data Scientist,40900,GBP,56256,GB,50,GBR,L
224,224,2021,Senior,Full-time,Machine Learning Scientist,225000,USD,225000,US,100,CAN,L
225,225,2021,Executive,Contract,Principal Data Scientist,416000,USD,416000,US,100,USA,S
226,226,2021,Senior,Full-time,Data Scientist,110000,CAD,87738,CA,100,CAN,S
227,227,2021,Mid-time,Full-time,Data Scientist,75000,EUR,88654,DE,50,DEU,L
228,228,2021,Senior,Full-time,Data Scientist,135000,USD,135000,US,0,USA,L
229,229,2021,Senior,Full-time,Data Analyst,90000,CAD,71786,CA,100,CAN,M
230,230,2021,Entry,Full-time,Big Data Engineer,1200000,INR,16228,IN,100,IND,L
231,231,2021,Senior,Full-time,ML Engineer,256000,USD,256000,US,100,USA,S
232,232,2021,Senior,Full-time,Director of Data Engineering,200000,USD,200000,US,100,USA,L
233,233,2021,Senior,Full-time,Data Analyst,200000,USD,200000,US,100,USA,L
234,234,2021,Mid-time,Full-time,Data Architect,180000,USD,180000,US,100,USA,L
235,235,2021,Mid-time,Full-time,Head of Data Science,110000,USD,110000,US,0,USA,S
236,236,2021,Mid-time,Full-time,Research Scientist,80000,CAD,63810,CA,100,CAN,M
237,237,2021,Mid-time,Full-time,Data Scientist,39600,EUR,46809,ES,100,ESP,M
238,238,2021,Entry,Full-time,Data Scientist,4000,USD,4000,VN,0,VNM,M
239,239,2021,Entry,Full-time,Data Engineer,1600000,INR,21637,IN,50,IND,M
240,240,2021,Senior,Full-time,Data Scientist,130000,CAD,103691,CA,100,CAN,L
241,241,2021,Mid-time,Full-time,Data Analyst,80000,USD,80000,US,100,USA,L
242,242,2021,Mid-time,Full-time,Data Engineer,110000,USD,110000,US,100,USA,L
243,243,2021,Senior,Full-time,Data Scientist,165000,USD,165000,US,100,USA,L
244,244,2021,Entry,Full-time,AI Scientist,1335000,INR,18053,IN,100,ASM,S
245,245,2021,Mid-time,Full-time,Data Engineer,52500,GBP,72212,GB,50,GBR,L
246,246,2021,Entry,Full-time,Data Scientist,31000,EUR,36643,FR,50,FRA,L
247,247,2021,Mid-time,Full-time,Data Engineer,108000,TRY,12103,TR,0,TUR,M
248,248,2021,Senior,Full-time,Data Engineer,70000,GBP,96282,GB,50,GBR,L
249,249,2021,Senior,Full-time,Principal Data Analyst,170000,USD,170000,US,100,USA,M
250,250,2021,Mid-time,Full-time,Data Scientist,115000,USD,115000,US,50,USA,L
251,251,2021,Entry,Full-time,Data Scientist,90000,USD,90000,US,100,USA,S
252,252,2021,Executive,Full-time,Principal Data Engineer,600000,USD,600000,US,100,USA,L
253,253,2021,Entry,Full-time,Data Scientist,2100000,INR,28399,IN,100,IND,M
254,254,2021,Mid-time,Full-time,Data Analyst,93000,USD,93000,US,100,USA,L
255,255,2021,Senior,Full-time,Big Data Architect,125000,CAD,99703,CA,50,CAN,M
256,256,2021,Mid-time,Full-time,Data Engineer,200000,USD,200000,US,100,USA,L
257,257,2021,Senior,Full-time,Principal Data Scientist,147000,EUR,173762,DE,100,DEU,M
258,258,2021,Senior,Full-time,Machine Learning Engineer,185000,USD,185000,US,50,USA,L
259,259,2021,Executive,Full-time,Director of Data Science,120000,EUR,141846,DE,0,DEU,L
260,260,2021,Mid-time,Full-time,Data Scientist,130000,USD,130000,US,50,USA,L
261,261,2021,Senior,Full-time,Data Analyst,54000,EUR,63831,DE,50,DEU,L
262,262,2021,Mid-time,Full-time,Data Scientist,1250000,INR,16904,IN,100,IND,S
263,263,2021,Senior,Full-time,Machine Learning Engineer,4900000,INR,66265,IN,0,IND,L
264,264,2021,Mid-time,Full-time,Data Scientist,21600,EUR,25532,RS,100,DEU,S
265,265,2021,Senior,Full-time,Lead Data Engineer,160000,USD,160000,PR,50,USA,S
266,266,2021,Mid-time,Full-time,Data Engineer,93150,USD,93150,US,0,USA,M
267,267,2021,Mid-time,Full-time,Data Engineer,111775,USD,111775,US,0,USA,M
268,268,2021,Mid-time,Full-time,Data Engineer,250000,TRY,28016,TR,100,TUR,M
269,269,2021,Entry,Full-time,Data Engineer,55000,EUR,65013,DE,50,DEU,M
270,270,2021,Entry,Full-time,Data Engineer,72500,USD,72500,US,100,USA,L
271,271,2021,Senior,Full-time,Computer Vision Engineer,102000,BRL,18907,BR,0,BRA,M
272,272,2021,Entry,Full-time,Data Science Consultant,65000,EUR,76833,DE,0,DEU,L
273,273,2021,Entry,Full-time,Machine Learning Engineer,85000,USD,85000,NL,100,DEU,S
274,274,2021,Senior,Full-time,Data Scientist,65720,EUR,77684,FR,50,FRA,M
275,275,2021,Entry,Full-time,Data Scientist,100000,USD,100000,US,100,USA,M
276,276,2021,Entry,Full-time,Data Scientist,58000,USD,58000,US,50,USA,L
277,277,2021,Senior,Full-time,AI Scientist,55000,USD,55000,ES,100,ESP,L
278,278,2021,Senior,Full-time,Data Scientist,180000,TRY,20171,TR,50,TUR,L
279,279,2021,Entry,Full-time,Business Data Analyst,50000,EUR,59102,LU,100,LUX,L
280,280,2021,Mid-time,Full-time,Data Engineer,112000,USD,112000,US,100,USA,L
281,281,2021,Entry,Full-time,Research Scientist,100000,USD,100000,JE,0,CHN,L
282,282,2021,Mid-time,Part-time,Data Engineer,59000,EUR,69741,NL,100,NLD,L
283,283,2021,Senior,Contract,Staff Data Scientist,105000,USD,105000,US,100,USA,M
284,284,2021,Mid-time,Full-time,Research Scientist,69999,USD,69999,CZ,50,CZE,L
285,285,2021,Senior,Full-time,Data Science Manager,7000000,INR,94665,IN,50,IND,L
286,286,2021,Senior,Full-time,Head of Data,87000,EUR,102839,SI,100,SVN,L
287,287,2021,Mid-time,Full-time,Data Scientist,109000,USD,109000,US,50,USA,L
288,288,2021,Mid-time,Full-time,Machine Learning Engineer,43200,EUR,51064,IT,50,ITA,L
289,289,2022,Senior,Full-time,Data Engineer,135000,USD,135000,US,100,USA,M
290,290,2022,Senior,Full-time,Data Analyst,155000,USD,155000,US,100,USA,M
291,291,2022,Senior,Full-time,Data Analyst,120600,USD,120600,US,100,USA,M
292,292,2022,Mid-time,Full-time,Data Scientist,130000,USD,130000,US,0,USA,M
293,293,2022,Mid-time,Full-time,Data Scientist,90000,USD,90000,US,0,USA,M
294,294,2022,Mid-time,Full-time,Data Engineer,170000,USD,170000,US,100,USA,M
295,295,2022,Mid-time,Full-time,Data Engineer,150000,USD,150000,US,100,USA,M
296,296,2022,Senior,Full-time,Data Analyst,102100,USD,102100,US,100,USA,M
297,297,2022,Senior,Full-time,Data Analyst,84900,USD,84900,US,100,USA,M
298,298,2022,Senior,Full-time,Data Scientist,136620,USD,136620,US,100,USA,M
299,299,2022,Senior,Full-time,Data Scientist,99360,USD,99360,US,100,USA,M
300,300,2022,Senior,Full-time,Data Scientist,90000,GBP,117789,GB,0,GBR,M
301,301,2022,Senior,Full-time,Data Scientist,80000,GBP,104702,GB,0,GBR,M
302,302,2022,Senior,Full-time,Data Scientist,146000,USD,146000,US,100,USA,M
303,303,2022,Senior,Full-time,Data Scientist,123000,USD,123000,US,100,USA,M
304,304,2022,Entry,Full-time,Data Engineer,40000,GBP,52351,GB,100,GBR,M
305,305,2022,Senior,Full-time,Data Analyst,99000,USD,99000,US,0,USA,M
306,306,2022,Senior,Full-time,Data Analyst,116000,USD,116000,US,0,USA,M
307,307,2022,Mid-time,Full-time,Data Analyst,106260,USD,106260,US,0,USA,M
308,308,2022,Mid-time,Full-time,Data Analyst,126500,USD,126500,US,0,USA,M
309,309,2022,Executive,Full-time,Data Engineer,242000,USD,242000,US,100,USA,M
310,310,2022,Executive,Full-time,Data Engineer,200000,USD,200000,US,100,USA,M
311,311,2022,Mid-time,Full-time,Data Scientist,50000,GBP,65438,GB,0,GBR,M
312,312,2022,Mid-time,Full-time,Data Scientist,30000,GBP,39263,GB,0,GBR,M
313,313,2022,Mid-time,Full-time,Data Engineer,60000,GBP,78526,GB,0,GBR,M
314,314,2022,Mid-time,Full-time,Data Engineer,40000,GBP,52351,GB,0,GBR,M
315,315,2022,Senior,Full-time,Data Scientist,165220,USD,165220,US,100,USA,M
316,316,2022,Entry,Full-time,Data Engineer,35000,GBP,45807,GB,100,GBR,M
317,317,2022,Senior,Full-time,Data Scientist,120160,USD,120160,US,100,USA,M
318,318,2022,Senior,Full-time,Data Analyst,90320,USD,90320,US,100,USA,M
319,319,2022,Senior,Full-time,Data Engineer,181940,USD,181940,US,0,USA,M
320,320,2022,Senior,Full-time,Data Engineer,132320,USD,132320,US,0,USA,M
321,321,2022,Senior,Full-time,Data Engineer,220110,USD,220110,US,0,USA,M
322,322,2022,Senior,Full-time,Data Engineer,160080,USD,160080,US,0,USA,M
323,323,2022,Senior,Full-time,Data Scientist,180000,USD,180000,US,0,USA,L
324,324,2022,Senior,Full-time,Data Scientist,120000,USD,120000,US,0,USA,L
325,325,2022,Senior,Full-time,Data Analyst,124190,USD,124190,US,100,USA,M
326,326,2022,Executive,Full-time,Data Analyst,130000,USD,130000,US,100,USA,M
327,327,2022,Executive,Full-time,Data Analyst,110000,USD,110000,US,100,USA,M
328,328,2022,Senior,Full-time,Data Analyst,170000,USD,170000,US,100,USA,M
329,329,2022,Mid-time,Full-time,Data Analyst,115500,USD,115500,US,100,USA,M
330,330,2022,Senior,Full-time,Data Analyst,112900,USD,112900,US,100,USA,M
331,331,2022,Senior,Full-time,Data Analyst,90320,USD,90320,US,100,USA,M
332,332,2022,Senior,Full-time,Data Analyst,112900,USD,112900,US,100,USA,M
333,333,2022,Senior,Full-time,Data Analyst,90320,USD,90320,US,100,USA,M
334,334,2022,Senior,Full-time,Data Engineer,165400,USD,165400,US,100,USA,M
335,335,2022,Senior,Full-time,Data Engineer,132320,USD,132320,US,100,USA,M
336,336,2022,Mid-time,Full-time,Data Analyst,167000,USD,167000,US,100,USA,M
337,337,2022,Senior,Full-time,Data Engineer,243900,USD,243900,US,100,USA,M
338,338,2022,Senior,Full-time,Data Analyst,136600,USD,136600,US,100,USA,M
339,339,2022,Senior,Full-time,Data Analyst,109280,USD,109280,US,100,USA,M
340,340,2022,Senior,Full-time,Data Engineer,128875,USD,128875,US,100,USA,M
341,341,2022,Senior,Full-time,Data Engineer,93700,USD,93700,US,100,USA,M
342,342,2022,Executive,Full-time,Head of Data Science,224000,USD,224000,US,100,USA,M
343,343,2022,Executive,Full-time,Head of Data Science,167875,USD,167875,US,100,USA,M
344,344,2022,Executive,Full-time,Analytics Engineer,175000,USD,175000,US,100,USA,M
345,345,2022,Senior,Full-time,Data Engineer,156600,USD,156600,US,100,USA,M
346,346,2022,Senior,Full-time,Data Engineer,108800,USD,108800,US,0,USA,M
347,347,2022,Senior,Full-time,Data Scientist,95550,USD,95550,US,0,USA,M
348,348,2022,Senior,Full-time,Data Engineer,113000,USD,113000,US,0,USA,L
349,349,2022,Senior,Full-time,Data Analyst,135000,USD,135000,US,100,USA,M
350,350,2022,Senior,Full-time,Data Science Manager,161342,USD,161342,US,100,USA,M
351,351,2022,Senior,Full-time,Data Science Manager,137141,USD,137141,US,100,USA,M
352,352,2022,Senior,Full-time,Data Scientist,167000,USD,167000,US,100,USA,M
353,353,2022,Senior,Full-time,Data Scientist,123000,USD,123000,US,100,USA,M
354,354,2022,Senior,Full-time,Data Engineer,60000,GBP,78526,GB,0,GBR,M
355,355,2022,Senior,Full-time,Data Engineer,50000,GBP,65438,GB,0,GBR,M
356,356,2022,Senior,Full-time,Data Scientist,150000,USD,150000,US,0,USA,M
357,357,2022,Senior,Full-time,Data Scientist,211500,USD,211500,US,100,USA,M
358,358,2022,Senior,Full-time,Data Architect,192400,USD,192400,CA,100,CAN,M
359,359,2022,Senior,Full-time,Data Architect,90700,USD,90700,CA,100,CAN,M
360,360,2022,Senior,Full-time,Data Analyst,130000,USD,130000,CA,100,CAN,M
361,361,2022,Senior,Full-time,Data Analyst,61300,USD,61300,CA,100,CAN,M
362,362,2022,Senior,Full-time,Data Analyst,130000,USD,130000,CA,100,CAN,M
363,363,2022,Senior,Full-time,Data Analyst,61300,USD,61300,CA,100,CAN,M
364,364,2022,Senior,Full-time,Data Engineer,160000,USD,160000,US,0,USA,L
365,365,2022,Senior,Full-time,Data Scientist,138600,USD,138600,US,100,USA,M
366,366,2022,Senior,Full-time,Data Engineer,136000,USD,136000,US,0,USA,M
367,367,2022,Mid-time,Full-time,Data Analyst,58000,USD,58000,US,0,USA,S
368,368,2022,Executive,Full-time,Analytics Engineer,135000,USD,135000,US,100,USA,M
369,369,2022,Senior,Full-time,Data Scientist,170000,USD,170000,US,100,USA,M
370,370,2022,Senior,Full-time,Data Scientist,123000,USD,123000,US,100,USA,M
371,371,2022,Senior,Full-time,Machine Learning Engineer,189650,USD,189650,US,0,USA,M
372,372,2022,Senior,Full-time,Machine Learning Engineer,164996,USD,164996,US,0,USA,M
373,373,2022,Mid-time,Full-time,ETL Developer,50000,EUR,54957,GR,0,GRC,M
374,374,2022,Mid-time,Full-time,ETL Developer,50000,EUR,54957,GR,0,GRC,M
375,375,2022,Executive,Full-time,Lead Data Engineer,150000,CAD,118187,CA,100,CAN,S
376,376,2022,Senior,Full-time,Data Analyst,132000,USD,132000,US,0,USA,M
377,377,2022,Senior,Full-time,Data Engineer,165400,USD,165400,US,100,USA,M
378,378,2022,Senior,Full-time,Data Architect,208775,USD,208775,US,100,USA,M
379,379,2022,Senior,Full-time,Data Architect,147800,USD,147800,US,100,USA,M
380,380,2022,Senior,Full-time,Data Engineer,136994,USD,136994,US,100,USA,M
381,381,2022,Senior,Full-time,Data Engineer,101570,USD,101570,US,100,USA,M
382,382,2022,Senior,Full-time,Data Analyst,128875,USD,128875,US,100,USA,M
383,383,2022,Senior,Full-time,Data Analyst,93700,USD,93700,US,100,USA,M
384,384,2022,Executive,Full-time,Head of Machine Learning,6000000,INR,79039,IN,50,IND,L
385,385,2022,Senior,Full-time,Data Engineer,132320,USD,132320,US,100,USA,M
386,386,2022,Entry,Full-time,Machine Learning Engineer,28500,GBP,37300,GB,100,GBR,L
387,387,2022,Senior,Full-time,Data Analyst,164000,USD,164000,US,0,USA,M
388,388,2022,Senior,Full-time,Data Engineer,155000,USD,155000,US,100,USA,M
389,389,2022,Mid-time,Full-time,Machine Learning Engineer,95000,GBP,124333,GB,0,GBR,M
390,390,2022,Mid-time,Full-time,Machine Learning Engineer,75000,GBP,98158,GB,0,GBR,M
391,391,2022,Mid-time,Full-time,AI Scientist,120000,USD,120000,US,0,USA,M
392,392,2022,Senior,Full-time,Data Analyst,112900,USD,112900,US,100,USA,M
393,393,2022,Senior,Full-time,Data Analyst,90320,USD,90320,US,100,USA,M
394,394,2022,Senior,Full-time,Data Analytics Manager,145000,USD,145000,US,100,USA,M
395,395,2022,Senior,Full-time,Data Analytics Manager,105400,USD,105400,US,100,USA,M
396,396,2022,Mid-time,Full-time,Machine Learning Engineer,80000,EUR,87932,FR,100,DEU,M
397,397,2022,Mid-time,Full-time,Data Engineer,90000,GBP,117789,GB,0,GBR,M
398,398,2022,Senior,Full-time,Data Scientist,215300,USD,215300,US,100,USA,L
399,399,2022,Senior,Full-time,Data Scientist,158200,USD,158200,US,100,USA,L
400,400,2022,Senior,Full-time,Data Engineer,209100,USD,209100,US,100,USA,L
401,401,2022,Senior,Full-time,Data Engineer,154600,USD,154600,US,100,USA,L
402,402,2022,Senior,Full-time,Data Analyst,115934,USD,115934,US,0,USA,M
403,403,2022,Senior,Full-time,Data Analyst,81666,USD,81666,US,0,USA,M
404,404,2022,Senior,Full-time,Data Engineer,175000,USD,175000,US,100,USA,M
405,405,2022,Mid-time,Full-time,Data Engineer,75000,GBP,98158,GB,0,GBR,M
406,406,2022,Mid-time,Full-time,Data Analyst,58000,USD,58000,US,0,USA,S
407,407,2022,Senior,Full-time,Data Engineer,183600,USD,183600,US,100,USA,L
408,408,2022,Mid-time,Full-time,Data Analyst,40000,GBP,52351,GB,100,GBR,M
409,409,2022,Senior,Full-time,Data Scientist,180000,USD,180000,US,100,USA,M
410,410,2022,Mid-time,Full-time,Data Scientist,55000,GBP,71982,GB,0,GBR,M
411,411,2022,Mid-time,Full-time,Data Scientist,35000,GBP,45807,GB,0,GBR,M
412,412,2022,Mid-time,Full-time,Data Engineer,60000,EUR,65949,GR,100,GRC,M
413,413,2022,Mid-time,Full-time,Data Engineer,45000,EUR,49461,GR,100,GRC,M
414,414,2022,Mid-time,Full-time,Data Engineer,60000,GBP,78526,GB,100,GBR,M
415,415,2022,Mid-time,Full-time,Data Engineer,45000,GBP,58894,GB,100,GBR,M
416,416,2022,Senior,Full-time,Data Scientist,260000,USD,260000,US,100,USA,M
417,417,2022,Senior,Full-time,Data Science Engineer,60000,USD,60000,AR,100,MEX,L
418,418,2022,Mid-time,Full-time,Data Engineer,63900,USD,63900,US,0,USA,M
419,419,2022,Mid-time,Full-time,Machine Learning Scientist,160000,USD,160000,US,100,USA,L
420,420,2022,Mid-time,Full-time,Machine Learning Scientist,112300,USD,112300,US,100,USA,L
421,421,2022,Mid-time,Full-time,Data Science Manager,241000,USD,241000,US,100,USA,M
422,422,2022,Mid-time,Full-time,Data Science Manager,159000,USD,159000,US,100,USA,M
423,423,2022,Senior,Full-time,Data Scientist,180000,USD,180000,US,0,USA,M
424,424,2022,Senior,Full-time,Data Scientist,80000,USD,80000,US,0,USA,M
425,425,2022,Mid-time,Full-time,Data Engineer,82900,USD,82900,US,0,USA,M
426,426,2022,Senior,Full-time,Data Engineer,100800,USD,100800,US,100,USA,L
427,427,2022,Mid-time,Full-time,Data Engineer,45000,EUR,49461,ES,100,ESP,M
428,428,2022,Senior,Full-time,Data Scientist,140400,USD,140400,US,0,USA,L
429,429,2022,Mid-time,Full-time,Data Analyst,30000,GBP,39263,GB,100,GBR,M
430,430,2022,Mid-time,Full-time,Data Analyst,40000,EUR,43966,ES,100,ESP,M
431,431,2022,Mid-time,Full-time,Data Analyst,30000,EUR,32974,ES,100,ESP,M
432,432,2022,Mid-time,Full-time,Data Engineer,80000,EUR,87932,ES,100,ESP,M
433,433,2022,Mid-time,Full-time,Data Engineer,70000,EUR,76940,ES,100,ESP,M
434,434,2022,Mid-time,Full-time,Data Engineer,80000,GBP,104702,GB,100,GBR,M
435,435,2022,Mid-time,Full-time,Data Engineer,70000,GBP,91614,GB,100,GBR,M
436,436,2022,Mid-time,Full-time,Data Engineer,60000,EUR,65949,ES,100,ESP,M
437,437,2022,Mid-time,Full-time,Data Engineer,80000,EUR,87932,GR,100,GRC,M
438,438,2022,Senior,Full-time,Machine Learning Engineer,189650,USD,189650,US,0,USA,M
439,439,2022,Senior,Full-time,Machine Learning Engineer,164996,USD,164996,US,0,USA,M
440,440,2022,Mid-time,Full-time,Data Analyst,40000,EUR,43966,GR,100,GRC,M
441,441,2022,Mid-time,Full-time,Data Analyst,30000,EUR,32974,GR,100,GRC,M
442,442,2022,Mid-time,Full-time,Data Engineer,75000,GBP,98158,GB,100,GBR,M
443,443,2022,Mid-time,Full-time,Data Engineer,60000,GBP,78526,GB,100,GBR,M
444,444,2022,Senior,Full-time,Data Scientist,215300,USD,215300,US,0,USA,L
445,445,2022,Mid-time,Full-time,Data Engineer,70000,EUR,76940,GR,100,GRC,M
446,446,2022,Senior,Full-time,Data Engineer,209100,USD,209100,US,100,USA,L
447,447,2022,Senior,Full-time,Data Engineer,154600,USD,154600,US,100,USA,L
448,448,2022,Senior,Full-time,Data Engineer,180000,USD,180000,US,100,USA,M
449,449,2022,Entry,Full-time,ML Engineer,20000,EUR,21983,PT,100,PRT,L
450,450,2022,Senior,Full-time,Data Engineer,80000,USD,80000,US,100,USA,M
451,451,2022,Mid-time,Full-time,Machine Learning Developer,100000,CAD,78791,CA,100,CAN,M
452,452,2022,Executive,Full-time,Director of Data Science,250000,CAD,196979,CA,50,CAN,L
453,453,2022,Mid-time,Full-time,Machine Learning Engineer,120000,USD,120000,US,100,USA,S
454,454,2022,Entry,Full-time,Computer Vision Engineer,125000,USD,125000,US,0,USA,M
455,455,2022,Mid-time,Full-time,NLP Engineer,240000,CNY,37236,US,50,USA,L
456,456,2022,Senior,Full-time,Data Engineer,105000,USD,105000,US,100,USA,M
457,457,2022,Senior,Full-time,Lead Machine Learning Engineer,80000,EUR,87932,DE,0,DEU,M
458,458,2022,Mid-time,Full-time,Business Data Analyst,1400000,INR,18442,IN,100,IND,M
459,459,2022,Mid-time,Full-time,Data Scientist,2400000,INR,31615,IN,100,IND,L
460,460,2022,Mid-time,Full-time,Machine Learning Infrastructure Engineer,53000,EUR,58255,PT,50,PRT,L
461,461,2022,Entry,Full-time,Financial Data Analyst,100000,USD,100000,US,50,USA,L
462,462,2022,Mid-time,Part-time,Data Engineer,50000,EUR,54957,DE,50,DEU,L
463,463,2022,Entry,Full-time,Data Scientist,1400000,INR,18442,IN,100,IND,M
464,464,2022,Senior,Full-time,Principal Data Scientist,148000,EUR,162674,DE,100,DEU,M
465,465,2022,Entry,Full-time,Data Engineer,120000,USD,120000,US,100,USA,M
466,466,2022,Senior,Full-time,Research Scientist,144000,USD,144000,US,50,USA,L
467,467,2022,Senior,Full-time,Data Scientist,104890,USD,104890,US,100,USA,M
468,468,2022,Senior,Full-time,Data Engineer,100000,USD,100000,US,100,USA,M
469,469,2022,Senior,Full-time,Data Scientist,140000,USD,140000,US,100,USA,M
470,470,2022,Mid-time,Full-time,Data Analyst,135000,USD,135000,US,100,USA,M
471,471,2022,Mid-time,Full-time,Data Analyst,50000,USD,50000,US,100,USA,M
472,472,2022,Senior,Full-time,Data Scientist,220000,USD,220000,US,100,USA,M
473,473,2022,Senior,Full-time,Data Scientist,140000,USD,140000,US,100,USA,M
474,474,2022,Mid-time,Full-time,Data Scientist,140000,GBP,183228,GB,0,GBR,M
475,475,2022,Mid-time,Full-time,Data Scientist,70000,GBP,91614,GB,0,GBR,M
476,476,2022,Senior,Full-time,Data Scientist,185100,USD,185100,US,100,USA,M
477,477,2022,Senior,Full-time,Machine Learning Engineer,220000,USD,220000,US,100,USA,M
478,478,2022,Mid-time,Full-time,Data Scientist,200000,USD,200000,US,100,USA,M
479,479,2022,Mid-time,Full-time,Data Scientist,120000,USD,120000,US,100,USA,M
480,480,2022,Senior,Full-time,Machine Learning Engineer,120000,USD,120000,AE,100,ARE,S
481,481,2022,Senior,Full-time,Machine Learning Engineer,65000,USD,65000,AE,100,ARE,S
482,482,2022,Executive,Full-time,Data Engineer,324000,USD,324000,US,100,USA,M
483,483,2022,Executive,Full-time,Data Engineer,216000,USD,216000,US,100,USA,M
484,484,2022,Senior,Full-time,Data Engineer,210000,USD,210000,US,100,USA,M
485,485,2022,Senior,Full-time,Machine Learning Engineer,120000,USD,120000,US,100,USA,M
486,486,2022,Senior,Full-time,Data Scientist,230000,USD,230000,US,100,USA,M
487,487,2022,Entry,Part-time,Data Scientist,100000,USD,100000,DZ,50,DZA,M
488,488,2022,Mid-time,Freelance,Data Scientist,100000,USD,100000,CA,100,USA,M
489,489,2022,Entry,Contract,Applied Machine Learning Scientist,29000,EUR,31875,TN,100,CZE,M
490,490,2022,Senior,Full-time,Head of Data,200000,USD,200000,MY,100,USA,M
491,491,2022,Mid-time,Full-time,Principal Data Analyst,75000,USD,75000,CA,100,CAN,S
492,492,2022,Mid-time,Full-time,Data Scientist,150000,PLN,35590,PL,100,POL,L
493,493,2022,Senior,Full-time,Machine Learning Developer,100000,CAD,78791,CA,100,CAN,M
494,494,2022,Senior,Full-time,Data Scientist,100000,USD,100000,BR,100,USA,M
495,495,2022,Mid-time,Full-time,Machine Learning Scientist,153000,USD,153000,US,50,USA,M
496,496,2022,Entry,Full-time,Data Engineer,52800,EUR,58035,PK,100,DEU,M
497,497,2022,Senior,Full-time,Data Scientist,165000,USD,165000,US,100,USA,M
498,498,2022,Senior,Full-time,Research Scientist,85000,EUR,93427,FR,50,FRA,L
499,499,2022,Entry,Full-time,Data Scientist,66500,CAD,52396,CA,100,CAN,L
500,500,2022,Senior,Full-time,Machine Learning Engineer,57000,EUR,62651,NL,100,NLD,L
501,501,2022,Mid-time,Full-time,Head of Data,30000,EUR,32974,EE,100,EST,S
502,502,2022,Entry,Full-time,Data Scientist,40000,USD,40000,JP,100,MYS,L
503,503,2022,Mid-time,Full-time,Machine Learning Engineer,121000,AUD,87425,AU,100,AUS,L
504,504,2022,Senior,Full-time,Data Engineer,115000,USD,115000,US,100,USA,M
505,505,2022,Entry,Full-time,Data Scientist,120000,AUD,86703,AU,50,AUS,M
506,506,2022,Mid-time,Full-time,Applied Machine Learning Scientist,75000,USD,75000,BO,100,USA,L
507,507,2022,Mid-time,Full-time,Research Scientist,59000,EUR,64849,AT,0,AUT,L
508,508,2022,Entry,Full-time,Research Scientist,120000,USD,120000,US,100,USA,L
509,509,2022,Mid-time,Full-time,Applied Data Scientist,157000,USD,157000,US,100,USA,L
510,510,2022,Entry,Full-time,Computer Vision Software Engineer,150000,USD,150000,AU,100,AUS,S
511,511,2022,Mid-time,Full-time,Business Data Analyst,90000,CAD,70912,CA,50,CAN,L
512,512,2022,Entry,Full-time,Data Engineer,65000,USD,65000,US,100,USA,S
513,513,2022,Senior,Full-time,Machine Learning Engineer,65000,EUR,71444,IE,100,IRL,S
514,514,2022,Entry,Full-time,Data Analytics Engineer,20000,USD,20000,PK,0,PAK,M
515,515,2022,Mid-time,Full-time,Data Scientist,48000,USD,48000,RU,100,USA,S
516,516,2022,Senior,Full-time,Data Science Manager,152500,USD,152500,US,100,USA,M
517,517,2022,Mid-time,Full-time,Data Engineer,62000,EUR,68147,FR,100,FRA,M
518,518,2022,Mid-time,Full-time,Data Scientist,115000,CHF,122346,CH,0,CHE,L
519,519,2022,Senior,Full-time,Applied Data Scientist,380000,USD,380000,US,100,USA,L
520,520,2022,Mid-time,Full-time,Data Scientist,88000,CAD,69336,CA,100,CAN,M
521,521,2022,Entry,Full-time,Computer Vision Engineer,10000,USD,10000,PT,100,LUX,M
522,522,2022,Mid-time,Full-time,Data Analyst,20000,USD,20000,GR,100,GRC,S
523,523,2022,Senior,Full-time,Data Analytics Lead,405000,USD,405000,US,100,USA,L
524,524,2022,Mid-time,Full-time,Data Scientist,135000,USD,135000,US,100,USA,L
525,525,2022,Senior,Full-time,Applied Data Scientist,177000,USD,177000,US,100,USA,L
526,526,2022,Mid-time,Full-time,Data Scientist,78000,USD,78000,US,100,USA,M
527,527,2022,Senior,Full-time,Data Analyst,135000,USD,135000,US,100,USA,M
528,528,2022,Senior,Full-time,Data Analyst,100000,USD,100000,US,100,USA,M
529,529,2022,Senior,Full-time,Data Analyst,90320,USD,90320,US,100,USA,M
530,530,2022,Mid-time,Full-time,Data Analyst,85000,USD,85000,CA,0,CAN,M
531,531,2022,Mid-time,Full-time,Data Analyst,75000,USD,75000,CA,0,CAN,M
532,532,2022,Senior,Full-time,Machine Learning Engineer,214000,USD,214000,US,100,USA,M
533,533,2022,Senior,Full-time,Machine Learning Engineer,192600,USD,192600,US,100,USA,M
534,534,2022,Senior,Full-time,Data Architect,266400,USD,266400,US,100,USA,M
535,535,2022,Senior,Full-time,Data Architect,213120,USD,213120,US,100,USA,M
536,536,2022,Senior,Full-time,Data Analyst,112900,USD,112900,US,100,USA,M
537,537,2022,Senior,Full-time,Data Engineer,155000,USD,155000,US,100,USA,M
538,538,2022,Mid-time,Full-time,Data Scientist,141300,USD,141300,US,0,USA,M
539,539,2022,Mid-time,Full-time,Data Scientist,102100,USD,102100,US,0,USA,M
540,540,2022,Senior,Full-time,Data Analyst,115934,USD,115934,US,100,USA,M
541,541,2022,Senior,Full-time,Data Analyst,81666,USD,81666,US,100,USA,M
542,542,2022,Mid-time,Full-time,Data Engineer,206699,USD,206699,US,0,USA,M
543,543,2022,Mid-time,Full-time,Data Engineer,99100,USD,99100,US,0,USA,M
544,544,2022,Senior,Full-time,Data Engineer,130000,USD,130000,US,100,USA,M
545,545,2022,Senior,Full-time,Data Engineer,115000,USD,115000,US,100,USA,M
546,546,2022,Senior,Full-time,Data Engineer,110500,USD,110500,US,100,USA,M
547,547,2022,Senior,Full-time,Data Engineer,130000,USD,130000,US,100,USA,M
548,548,2022,Senior,Full-time,Data Analyst,99050,USD,99050,US,100,USA,M
549,549,2022,Senior,Full-time,Data Engineer,160000,USD,160000,US,100,USA,M
550,550,2022,Senior,Full-time,Data Scientist,205300,USD,205300,US,0,USA,L
551,551,2022,Senior,Full-time,Data Scientist,140400,USD,140400,US,0,USA,L
552,552,2022,Senior,Full-time,Data Scientist,176000,USD,176000,US,100,USA,M
553,553,2022,Senior,Full-time,Data Scientist,144000,USD,144000,US,100,USA,M
554,554,2022,Senior,Full-time,Data Engineer,200100,USD,200100,US,100,USA,M
555,555,2022,Senior,Full-time,Data Engineer,160000,USD,160000,US,100,USA,M
556,556,2022,Senior,Full-time,Data Engineer,145000,USD,145000,US,100,USA,M
557,557,2022,Senior,Full-time,Data Engineer,70500,USD,70500,US,0,USA,M
558,558,2022,Senior,Full-time,Data Scientist,205300,USD,205300,US,0,USA,M
559,559,2022,Senior,Full-time,Data Scientist,140400,USD,140400,US,0,USA,M
560,560,2022,Senior,Full-time,Analytics Engineer,205300,USD,205300,US,0,USA,M
561,561,2022,Senior,Full-time,Analytics Engineer,184700,USD,184700,US,0,USA,M
562,562,2022,Senior,Full-time,Data Engineer,175100,USD,175100,US,100,USA,M
563,563,2022,Senior,Full-time,Data Engineer,140250,USD,140250,US,100,USA,M
564,564,2022,Senior,Full-time,Data Analyst,116150,USD,116150,US,100,USA,M
565,565,2022,Senior,Full-time,Data Engineer,54000,USD,54000,US,0,USA,M
566,566,2022,Senior,Full-time,Data Analyst,170000,USD,170000,US,100,USA,M
567,567,2022,Mid-time,Full-time,Data Analyst,50000,GBP,65438,GB,0,GBR,M
568,568,2022,Senior,Full-time,Data Analyst,80000,USD,80000,US,100,USA,M
569,569,2022,Senior,Full-time,Data Scientist,140000,USD,140000,US,100,USA,M
570,570,2022,Senior,Full-time,Data Scientist,210000,USD,210000,US,100,USA,M
571,571,2022,Senior,Full-time,Data Scientist,140000,USD,140000,US,100,USA,M
572,572,2022,Senior,Full-time,Data Analyst,100000,USD,100000,US,100,USA,M
573,573,2022,Senior,Full-time,Data Analyst,69000,USD,69000,US,100,USA,M
574,574,2022,Senior,Full-time,Data Scientist,210000,USD,210000,US,100,USA,M
575,575,2022,Senior,Full-time,Data Scientist,140000,USD,140000,US,100,USA,M
576,576,2022,Senior,Full-time,Data Scientist,210000,USD,210000,US,100,USA,M
577,577,2022,Senior,Full-time,Data Analyst,150075,USD,150075,US,100,USA,M
578,578,2022,Senior,Full-time,Data Engineer,100000,USD,100000,US,100,USA,M
579,579,2022,Senior,Full-time,Data Engineer,25000,USD,25000,US,100,USA,M
580,580,2022,Senior,Full-time,Data Analyst,126500,USD,126500,US,100,USA,M
581,581,2022,Senior,Full-time,Data Analyst,106260,USD,106260,US,100,USA,M
582,582,2022,Senior,Full-time,Data Engineer,220110,USD,220110,US,100,USA,M
583,583,2022,Senior,Full-time,Data Engineer,160080,USD,160080,US,100,USA,M
584,584,2022,Senior,Full-time,Data Analyst,105000,USD,105000,US,100,USA,M
585,585,2022,Senior,Full-time,Data Analyst,110925,USD,110925,US,100,USA,M
586,586,2022,Mid-time,Full-time,Data Analyst,35000,GBP,45807,GB,0,GBR,M
587,587,2022,Senior,Full-time,Data Scientist,140000,USD,140000,US,100,USA,M
588,588,2022,Senior,Full-time,Data Analyst,99000,USD,99000,US,0,USA,M
589,589,2022,Senior,Full-time,Data Analyst,60000,USD,60000,US,100,USA,M
590,590,2022,Senior,Full-time,Data Architect,192564,USD,192564,US,100,USA,M
591,591,2022,Senior,Full-time,Data Architect,144854,USD,144854,US,100,USA,M
592,592,2022,Senior,Full-time,Data Scientist,230000,USD,230000,US,100,USA,M
593,593,2022,Senior,Full-time,Data Scientist,150000,USD,150000,US,100,USA,M
594,594,2022,Senior,Full-time,Data Analytics Manager,150260,USD,150260,US,100,USA,M
595,595,2022,Senior,Full-time,Data Analytics Manager,109280,USD,109280,US,100,USA,M
596,596,2022,Senior,Full-time,Data Scientist,210000,USD,210000,US,100,USA,M
597,597,2022,Senior,Full-time,Data Analyst,170000,USD,170000,US,100,USA,M
598,598,2022,Mid-time,Full-time,Data Scientist,160000,USD,160000,US,100,USA,M
599,599,2022,Mid-time,Full-time,Data Scientist,130000,USD,130000,US,100,USA,M
600,600,2022,Entry,Full-time,Data Analyst,67000,USD,67000,CA,0,CAN,M
601,601,2022,Entry,Full-time,Data Analyst,52000,USD,52000,CA,0,CAN,M
602,602,2022,Senior,Full-time,Data Engineer,154000,USD,154000,US,100,USA,M
603,603,2022,Senior,Full-time,Data Engineer,126000,USD,126000,US,100,USA,M
604,604,2022,Senior,Full-time,Data Analyst,129000,USD,129000,US,0,USA,M
605,605,2022,Senior,Full-time,Data Analyst,150000,USD,150000,US,100,USA,M
606,606,2022,Mid-time,Full-time,AI Scientist,200000,USD,200000,IN,100,USA,L
